{"cameraMode":{"drawMode":0,"name":"Shaded","section":"Shading Mode"},"sceneLighting":true,"audioPlay":false,"sceneViewState":{"showFog":true,"showMaterialUpdate":false,"showSkybox":true,"showFlares":true,"showImageEffects":true,"showParticleSystems":true},"in2DMode":false,"pivot":{"x":-43.45928955078125,"y":890.5059814453125,"z":-599.286376953125},"rotation":{"x":0.10733812302350998,"y":0.1544460654258728,"z":-0.017120609059929849,"w":0.982112467288971},"size":1807.792236328125,"orthographic":false}